link_id,bldg_a,bldg_b,length_m,target_mbps,avail_target,emi_heavy,has_conduit,media,loss_db_per_km,loss_db_per_100m,bandwidth_mhz,bandwidth_mhz_km,carrier_mhz,signal_levels,pairs,max_distance_m,cost_per_m,install_per_m,fixed_cost,mtbf_h,mttr_h,cable_failure_rate_per_km,tx_power_dbm,rx_sensitivity_dbm,source,loss_db,rx_power_dbm,margin_db,pass_power,noise_dbm,snr_db,shannon_mbps,nyquist_mbps,pass_snr,pass_rate,armoured_surcharge_per_m,safety_factor,min_margin_db,required_snr_db,line_code,line_code_reason,avail,redundancy_needed,downtime_per_year,pass_avail,cost
L1,Bldg-A,Bldg-B,40,1000,0.999,False,True,cat6,0.0,22,100,0,0,5,4,100,0.8,1.2,100,1000000,8,1e-05,0,0,ASSUMPTION - TODO cite,8.8,-9.8,,True,-79.0015046594173,69.2015046594173,9195.296970819882,1857.5424759098898,True,True,1.5,1.5,3.0,10.95320809865969,64B/66B,No synchronized code fits the channel; 64B/66B is retained as the lowest-overhead block-code choice and rate validation will reject it.,0.999980800253437,False,10.1 min,True,180.0
L1,Bldg-A,Bldg-B,40,1000,0.999,False,True,om3,2.5,0,0,2000,0,2,1,550,2.5,2.0,300,1000000,12,1e-05,-3,-18,ASSUMPTION - TODO cite,0.1,-4.1,13.9,True,-60.95042984778874,,944265.3495597487,100000.0,True,True,1.5,1.5,3.0,-16.775300096499542,Manchester,Manchester fits the channel and guarantees a transition per bit.,0.9999792002918365,False,10.9 min,True,480.0
L1,Bldg-A,Bldg-B,40,1000,0.999,False,True,smf,0.35,0,0,100000,0,2,1,10000,8.0,5.0,1200,1000000,12,1e-05,-9,-20,ASSUMPTION - TODO cite,0.013999999999999999,-10.014,9.986,True,-44.01939438692243,,28242302.548592813,5000000.0,True,True,1.5,1.5,3.0,-33.80932976442641,Manchester,Manchester fits the channel and guarantees a transition per bit.,0.9999792002918365,False,10.9 min,True,1720.0
L1,Bldg-A,Bldg-B,40,1000,0.999,False,True,radio,0.0,0,100,0,2400,2,1,1000,4.0,3.0,500,500000,2,1e-05,20,-75,ASSUMPTION - TODO cite,72.08542466079136,-53.08542466079136,21.91457533920864,True,-79.0015046594173,25.916079998625932,861.2825295461201,200.0,False,False,1.5,1.5,3.0,45.15436681141699,64B/66B,No synchronized code fits the channel; 64B/66B is retained as the lowest-overhead block-code choice and rate validation will reject it.,0.9999832002054378,False,8.8 min,True,780.0
L2,Bldg-B,Bldg-C,90,1000,0.999,False,True,cat6,0.0,22,100,0,0,5,4,100,0.8,1.2,100,1000000,8,1e-05,0,0,ASSUMPTION - TODO cite,19.8,-20.8,,True,-79.0015046594173,58.201504659417296,7733.649412853143,1857.5424759098898,True,True,1.5,1.5,3.0,10.95320809865969,64B/66B,No synchronized code fits the channel; 64B/66B is retained as the lowest-overhead block-code choice and rate validation will reject it.,0.9999768003590354,False,12.2 min,True,280.0
L2,Bldg-B,Bldg-C,90,1000,0.999,False,True,om3,2.5,0,0,2000,0,2,1,550,2.5,2.0,300,1000000,12,1e-05,-3,-18,ASSUMPTION - TODO cite,0.22499999999999998,-4.225,13.775,True,-64.39855969061091,,444205.0052608481,44444.444444444445,True,True,1.5,1.5,3.0,-13.196713920579722,Manchester,Manchester fits the channel and guarantees a transition per bit.,0.9999732004814327,False,14.1 min,True,705.0
L2,Bldg-B,Bldg-C,90,1000,0.999,False,True,smf,0.35,0,0,100000,0,2,1,10000,8.0,5.0,1200,1000000,12,1e-05,-9,-20,ASSUMPTION - TODO cite,0.0315,-10.0315,9.9685,True,-47.53971313051525,,13844683.04753051,2222222.2222222225,True,True,1.5,1.5,3.0,-30.2863755936785,Manchester,Manchester fits the channel and guarantees a transition per bit.,0.9999732004814327,False,14.1 min,True,2370.0
L2,Bldg-B,Bldg-C,90,1000,0.999,False,True,radio,0.0,0,100,0,2400,2,1,1000,4.0,3.0,500,500000,2,1e-05,20,-75,ASSUMPTION - TODO cite,79.1290750230186,-60.1290750230186,14.8709249769814,True,-79.0015046594173,18.872429636398692,628.7869091385509,200.0,False,False,1.5,1.5,3.0,45.15436681141699,64B/66B,No synchronized code fits the channel; 64B/66B is retained as the lowest-overhead block-code choice and rate validation will reject it.,0.9999822002240375,False,9.4 min,True,1130.0
L3,Bldg-C,Bldg-D,250,1000,0.9995,False,False,cat6,0.0,22,100,0,0,5,4,100,0.8,1.2,100,1000000,8,1e-05,0,0,ASSUMPTION - TODO cite,55.0,-56.0,,False,-79.0015046594173,23.001504659417293,3059.2578029329816,1857.5424759098898,True,False,1.5,1.5,3.0,10.95320809865969,64B/66B,No synchronized code fits the channel; 64B/66B is retained as the lowest-overhead block-code choice and rate validation will reject it.,0.9999640009119798,False,18.9 min,True,975.0
L3,Bldg-C,Bldg-D,250,1000,0.9995,False,False,om3,2.5,0,0,2000,0,2,1,550,2.5,2.0,300,1000000,12,1e-05,-3,-18,ASSUMPTION - TODO cite,0.625,-4.625,13.375,True,-68.60777712682649,,170036.95255425188,16000.0,True,True,1.5,1.5,3.0,-8.57646096305839,Manchester,Manchester fits the channel and guarantees a transition per bit.,0.9999540015719508,False,24.2 min,True,1800.0
L3,Bldg-C,Bldg-D,250,1000,0.9995,False,False,smf,0.35,0,0,100000,0,2,1,10000,8.0,5.0,1200,1000000,12,1e-05,-9,-20,ASSUMPTION - TODO cite,0.0875,-10.0875,9.9125,True,-51.97187103123006,,5565512.14701455,800000.0,True,True,1.5,1.5,3.0,-25.845787177246873,Manchester,Manchester fits the channel and guarantees a transition per bit.,0.9999540015719508,False,24.2 min,True,4825.0
L3,Bldg-C,Bldg-D,250,1000,0.9995,False,False,radio,0.0,0,100,0,2400,2,1,1000,4.0,3.0,500,500000,2,1e-05,20,-75,ASSUMPTION - TODO cite,88.00302500767286,-69.00302500767286,5.996974992327139,True,-79.0015046594173,9.998479651744432,345.8972490709019,200.0,False,False,1.5,1.5,3.0,45.15436681141699,64B/66B,No synchronized code fits the channel; 64B/66B is retained as the lowest-overhead block-code choice and rate validation will reject it.,0.9999790002969964,False,11.0 min,True,2625.0
L4,Bldg-D,Bldg-E,600,1000,0.9995,True,True,cat6,0.0,22,100,0,0,5,4,100,0.8,1.2,100,1000000,8,1e-05,0,0,ASSUMPTION - TODO cite,132.0,-133.0,,False,-44.998409268773585,-88.00159073122641,9.142720185411479e-07,1857.5424759098898,False,False,1.5,1.5,3.0,10.95320809865969,64B/66B,No synchronized code fits the channel; 64B/66B is retained as the lowest-overhead block-code choice and rate validation will reject it.,0.9999360032638412,False,33.6 min,True,1300.0
L4,Bldg-D,Bldg-E,600,1000,0.9995,True,True,om3,2.5,0,0,2000,0,2,1,550,2.5,2.0,300,1000000,12,1e-05,-3,-18,ASSUMPTION - TODO cite,1.5,-5.5,12.5,False,-44.9913797726543,,43729.715276039205,6666.666666666667,True,True,1.5,1.5,3.0,-4.364711486906698,Manchester,Manchester fits the channel and guarantees a transition per bit.,0.999912006527528,False,46.2 min,True,3000.0
L4,Bldg-D,Bldg-E,600,1000,0.9995,True,True,smf,0.35,0,0,100000,0,2,1,10000,8.0,5.0,1200,1000000,12,1e-05,-9,-20,ASSUMPTION - TODO cite,0.21,-10.21,9.79,True,-44.65031846495507,,1906890.8379607445,333333.3333333334,True,True,1.5,1.5,3.0,-22.03576690314219,Manchester,Manchester fits the channel and guarantees a transition per bit.,0.999912006527528,False,46.2 min,True,9000.0
L4,Bldg-D,Bldg-E,600,1000,0.9995,True,True,radio,0.0,0,100,0,2400,2,1,1000,4.0,3.0,500,500000,2,1e-05,20,-75,ASSUMPTION - TODO cite,95.60724984190497,-76.60724984190497,-1.6072498419049737,False,-44.998409268773585,-31.60884057313139,0.09957277279608127,200.0,False,False,1.5,1.5,3.0,45.15436681141699,64B/66B,No synchronized code fits the channel; 64B/66B is retained as the lowest-overhead block-code choice and rate validation will reject it.,0.9999720005279915,False,14.7 min,True,4700.0
L5,Bldg-E,Bldg-F,1200,1000,0.9999,False,True,cat6,0.0,22,100,0,0,5,4,100,0.8,1.2,100,1000000,8,1e-05,0,0,ASSUMPTION - TODO cite,264.0,-265.0,,False,-79.0015046594173,-185.9984953405827,0.0,1857.5424759098898,False,False,1.5,1.5,3.0,10.95320809865969,64B/66B,No synchronized code fits the channel; 64B/66B is retained as the lowest-overhead block-code choice and rate validation will reject it.,0.9998880109429474,True,0.0 min,True,5000.0
L5,Bldg-E,Bldg-F,1200,1000,0.9999,False,True,om3,2.5,0,0,2000,0,2,1,550,2.5,2.0,300,1000000,12,1e-05,-3,-18,ASSUMPTION - TODO cite,3.0,-7.0,11.0,False,-74.26955567417674,,37244.10493832651,3333.3333333333335,True,True,1.5,1.5,3.0,-0.6244901907603683,Manchester,Manchester fits the channel and guarantees a transition per bit.,0.9998400232286531,True,0.0 min,True,11400.0
L5,Bldg-E,Bldg-F,1200,1000,0.9999,False,True,smf,0.35,0,0,100000,0,2,1,10000,8.0,5.0,1200,1000000,12,1e-05,-9,-20,ASSUMPTION - TODO cite,0.42,-10.42,9.58,True,-58.75579144541801,,1338068.6269037393,166666.6666666667,True,True,1.5,1.5,3.0,-19.01189947009984,Manchester,Manchester fits the channel and guarantees a transition per bit.,0.9998400232286531,True,0.0 min,True,33600.0
L5,Bldg-E,Bldg-F,1200,1000,0.9999,False,True,radio,0.0,0,100,0,2400,2,1,1000,4.0,3.0,500,500000,2,1e-05,20,-75,ASSUMPTION - TODO cite,101.62784975518461,-82.62784975518461,-7.627849755184613,False,-79.0015046594173,-3.62634509576732,51.99201288405365,200.0,False,False,1.5,1.5,3.0,45.15436681141699,64B/66B,No synchronized code fits the channel; 64B/66B is retained as the lowest-overhead block-code choice and rate validation will reject it.,0.9999600011519703,False,21.0 min,True,8900.0
L6,Bldg-A,Bldg-F,1800,1000,0.9999,False,True,cat6,0.0,22,100,0,0,5,4,100,0.8,1.2,100,1000000,8,1e-05,0,0,ASSUMPTION - TODO cite,396.0,-397.0,,False,-79.0015046594173,-317.99849534058274,0.0,1857.5424759098898,False,False,1.5,1.5,3.0,10.95320809865969,64B/66B,No synchronized code fits the channel; 64B/66B is retained as the lowest-overhead block-code choice and rate validation will reject it.,0.9998400232286531,True,0.0 min,True,7400.0
L6,Bldg-A,Bldg-F,1800,1000,0.9999,False,True,om3,2.5,0,0,2000,0,2,1,550,2.5,2.0,300,1000000,12,1e-05,-3,-18,ASSUMPTION - TODO cite,4.5,-8.5,9.5,False,-75.43483290387088,,24705.856096892632,2222.222222222222,True,True,1.5,1.5,3.0,1.9008541269750248,64B/66B,No synchronized code fits the channel; 64B/66B is retained as the lowest-overhead block-code choice and rate validation will reject it.,0.9997680502931346,True,0.0 min,True,16800.0
L6,Bldg-A,Bldg-F,1800,1000,0.9999,False,True,smf,0.35,0,0,100000,0,2,1,10000,8.0,5.0,1200,1000000,12,1e-05,-9,-20,ASSUMPTION - TODO cite,0.63,-10.63,9.37,True,-60.49880494878386,,920337.4050625667,111111.11111111111,True,True,1.5,1.5,3.0,-17.237405318833435,Manchester,Manchester fits the channel and guarantees a transition per bit.,0.9997680502931346,True,0.0 min,True,49200.0
L6,Bldg-A,Bldg-F,1800,1000,0.9999,False,True,radio,0.0,0,100,0,2400,2,1,1000,4.0,3.0,500,500000,2,1e-05,20,-75,ASSUMPTION - TODO cite,105.14967493629823,-86.14967493629823,-11.149674936298226,False,-79.0015046594173,-7.148170276880933,25.439294278382746,200.0,False,False,1.5,1.5,3.0,45.15436681141699,64B/66B,No synchronized code fits the channel; 64B/66B is retained as the lowest-overhead block-code choice and rate validation will reject it.,0.9999480020639235,False,27.3 min,True,13100.0
