cable_failure_rate_per_km,link_id,first_failure_cut_pct,dominant_shortfall_type,first_failure_shortfall
5e-06,L1,,none,0.0
5e-06,L2,,none,0.0
5e-06,L3,90.0,length,0.6
5e-06,L4,46.0,length,0.08333333333333333
5e-06,L5,52.0,length,0.5416666666666666
5e-06,L6,21.0,avail,0.23986417468926802
1e-05,L1,,none,0.0
1e-05,L2,,none,0.0
1e-05,L3,90.0,length,0.6
1e-05,L4,46.0,length,0.08333333333333333
1e-05,L5,4.0,avail,0.599767713469545
1e-05,L6,21.0,avail,1.3194970686537864
2e-05,L1,,none,0.0
2e-05,L2,,none,0.0
2e-05,L3,90.0,length,0.6
2e-05,L4,46.0,length,0.08333333333333333
2e-05,L5,4.0,avail,2.0391228126506205
2e-05,L6,21.0,avail,3.478063556564931
